"","measure","pot","trt","geno","combo","rep","tcid","parent","block","SM","Anet5_0907","gs5_0907","fo5_0907","fm5_0907","fv5_0907","E5_0907","WUEi5_0907","Anet6_0913","gs6_0913","fo6_0913","fm6_0913","fv6_0913","E6_0913","WUEi6_0913","Anet7_0920","gs7_0920","fo7_0920","fm7_0920","fv7_0920","E7_0920","WUEi7_0920","Anet8_0925","gs8_0925","fo8_0925","fm8_0925","fv8_0925","E8_0925","WUEi8_0925","Anet9_1004","gs9_1004","fo9_1004","fm9_1004","fv9_1004","E9_1004","WUEi9_1004","Anet10_1011","gs10_1011","fo10_1011","fm10_1011","fv10_1011","E10_1011","WUEi10_1011","uAnet","ugs","ufv","uE","uWUEi","max_Anet","max_gs","max_fv","max_E","max_WUEi"
"1","physiology",1,30,1,5,6,167.5,167,"L",700.8,15.2,0.102,42.9,175.2,0.755,3.38,4.49704142,29.2,0.16,57.9,246.8,0.765,5.62,5.195729537,21.7,0.104977623762376,65.1,272.4,0.761,1.15,4.208995814875,18.4,0.191,63.9,242.2,0.736,8.62,2.134570766,14.7,0.0921,64.3,259.5,0.752,1.93,4.96089014540404,28.5,0.2,56.6,233.3,0.758,4.92,5.792682927,21.2833333333333,0.141679603960396,0.7545,4.27,4.46498510171317,29.2,0.2,0.765,8.62,5.792682927
"2","physiology",2,30,3,15,3,183.2,183,"H",864.6,28.3,0.134,30.2,126.2,0.761,4.22,4.25537511213684,22.8,0.145,36.8,131.6,0.763584158415842,5.31,4.293785311,16.7,0.104977623762376,74.7,269.6,0.723,2.63,6.349809886,14.5,0.0829,75.3,251.8,0.701,4.27,3.395784543,7.35,0.048,71.4,290.1,0.754,1.28,5.7421875,27.4,0.169,83.3,367.9,0.774,4.36,6.28440367,19.5083333333333,0.113979603960396,0.746097359735974,3.67833333333333,5.05355767035614,28.3,0.169,0.774,5.31,6.349809886
"3","physiology",4,30,2,10,1,226.1,226,"C",1367.1,25,0.115,44.4,173,0.743,3.82,4.25537511213684,23.6,0.119,38.8,164,0.763,4.41,5.351473923,13.4,0.104977623762376,73.8,285.4,0.741,7,1.914285714,19.4,0.115,81.5,314.1,0.74,5.94,3.265993266,10.9,0.0801,71.2,281.3,0.747,2.09,5.215311005,23.4,0.123,81.7,345.2,0.763,3.25,7.2,19.2833333333333,0.109512937293729,0.7495,4.41833333333333,4.53373983668947,25,0.123,0.763,7,7.2
"4","physiology",8,20,1,3,1,166.1,166,"L",659.1,15.3,0.0987,42.0079207920792,171.542,0.758,3.27,4.678899083,9.27,0.0868,46.9979591836735,203.307843137255,0.771,3.13,2.961661342,17.6,0.104977623762376,49.1,204.6,0.76,7.04,2.5,19.6,0.157,72.2,287.7,0.749,7.8,2.512820513,22.6,0.133,79.4,336.2,0.764,3.34,6.766467066,16.1,0.0848,68.9,295.2,0.767,2.22,7.252252252,16.745,0.110879603960396,0.7615,4.46666666666667,4.44535004266667,22.6,0.157,0.771,7.8,7.252252252
"5","physiology",12,10,2,6,4,247.4,247,"L",1777.1,20.2,0.107,38.2,146.3,0.739,3.81,5.30183727,8.24,0.0387,39.1,141.7,0.763584158415842,1.49,5.530201342,12.2,0.115,64.1,228.2,0.719,2.72,4.485294118,5.39,0.0432,59.3,180.4,NA,2.52,2.138888889,13.8,0.0847,55,217.1,0.747,2.21,6.244343891,8.35,0.0381,47,187.7,0.749,0.981,8.511722732,11.3633333333333,0.0711166666666667,0.743516831683168,2.2885,5.368714707,20.2,0.115,0.763584158415842,3.81,8.511722732
"6","physiology",15,30,1,5,7,259.6,259,"D",251.1,13.8,0.0968,36.3,147.6,0.754,3.3,4.181818182,12.1,0.082,49.4,193.5,0.745,3.18,3.805031447,11.8,0.17,59.3,237.4,0.75,4.24,2.783018868,12.6,0.112,55.3,193.4,0.714,6,2.1,8.24,0.105,61.4,233.6,0.737,2.75,2.996363636,20.9,0.119,63.9,269.6,0.763,2.74,7.627737226,13.24,0.114133333333333,0.743833333333333,3.70166666666667,3.91566155983333,20.9,0.17,0.763,6,7.627737226
"7","physiology",22,30,1,5,4,259.4,259,"D",947.5,13.3,0.0735,41.7,163.8,0.746,2.51,5.298804781,22.1,0.163,49.8,197.4,0.748,5.8,3.810344828,17.3,0.183,53,194.8,0.728,4.72,3.665254237,6.27,0.0603,54,191.8,0.718,3.56,1.761235955,5.05,0.0833019801980198,74.2,300.2,0.753,4.08,4.96089014540404,19.5,0.182,59.9,242.7,0.753,3.78,5.158730159,13.92,0.124183663366337,0.741,4.075,4.10921001756734,22.1,0.183,0.753,5.8,5.298804781
"8","physiology",25,25,1,4,1,252.1,252,"D",1873.4,11.2,0.0534,51,198.5,0.743,1.92,5.833333333,10.7,0.0662,46.9979591836735,313.4,0.765,2.55,4.196078431,23,0.119,63.3565656565657,253.828571428571,0.773,3.14,7.324840764,15.4199029126214,0.101682403846154,94.3,400.1,0.764,4.54169230769231,3.076923077,9.52,0.146,85.1,335.8,0.746,3.9,2.441025641,18.8,0.158,84.7,367.1,0.769,3.31,5.679758308,14.7733171521036,0.107380400641026,0.76,3.22694871794872,4.75865992566667,23,0.158,0.773,4.54169230769231,7.324840764
"9","physiology",28,15,3,12,7,183.4,183,"H",1138.5,16.3,0.0972,51.1,225.5,0.774,3.53,4.617563739,7.31,0.0333,44.5,180.6,0.754,1.36,5.375,22.8,0.159,69.8,310.9,0.775,4.21,5.41567696,16.2,0.0963,76.6,298,0.743,5.54,2.924187726,16.4,0.0838,94.9,379.9,0.75,2.41,6.804979253,17.4,0.0748,84,358.5,0.766,1.7,10.23529412,16.0683333333333,0.0907333333333333,0.760333333333333,3.125,5.89545029966667,22.8,0.159,0.775,5.54,10.23529412
"10","physiology",36,30,1,5,1,157.1,157,"E",1623.7,11.1,0.0689,39.3,151.8,0.741,2.46,4.512195122,19.9,0.126,38.3,138.3,0.763584158415842,4.71,4.225053079,16.4,0.132,42.4,179.6,0.764,3.56,4.606741573,16.5,0.136,48.5,198.7,0.756,7.43,2.220726783,12,0.103,63,245.6,0.744,2.98,4.026845638,19.4,0.13,70.7,287.3,0.754,2.75,7.054545455,15.8833333333333,0.115983333333333,0.75376402640264,3.98166666666667,4.44101794166667,19.9,0.136,0.764,7.43,7.054545455
"11","physiology",37,30,3,15,6,183.5,183,"H",1125.8,21.5,0.124,32.9,134.8,0.756,4.36,4.931192661,14,0.0814,54.5,231.5,0.765,3.21,4.361370717,10.6,0.076,70.1,236.2,0.755176470588235,2.09,5.071770335,10,0.0635,64.9,192.9,NA,3.92,2.551020408,12.4,0.0612,70.7,283.5,0.751,1.9,6.526315789,23.2,0.106,76.3,342.8,0.777,2.29,10.13100437,15.2833333333333,0.08535,0.760835294117647,2.96166666666667,5.59544571333333,23.2,0.124,0.777,4.36,10.13100437
"12","physiology",39,30,2,10,5,200.5,200,"D",2714.3,21.5,0.118,54.1,224.7,0.759,4.2,5.119047619,8.36,0.0544,53.5,228.4,0.766,2.14,3.906542056,15.2,0.0871,69.8,266.5,0.738,2.39,6.359832636,17.8,0.0847,70.3,259.8,0.729,4.93,3.610547667,7.01,0.0472,72.1,274,0.737,1.48,4.736486486,22.6,0.13,87.7,375,0.766,2.88,7.847222222,15.4116666666667,0.0869,0.749166666666667,3.00333333333333,5.263279781,22.6,0.13,0.766,4.93,7.847222222
"13","physiology",44,30,1,5,5,258.4,258,"E",498.2,4.97,0.0841,24.9,95.7,0.74,2.99,4.25537511213684,14,0.0758,36.9,147.9,0.751,3.03,4.620462046,22.9,0.155,50.2,209.7,0.76,4.26,5.375586854,16.1,0.13,53,206.7,0.744,7.13,2.258064516,3.13,0.0956,45,169.1,0.734,2.8,4.96089014540404,20.6,0.155,73.3,309.2,0.763,3.66,5.628415301,13.6166666666667,0.115916666666667,0.748666666666667,3.97833333333333,4.51646566242348,22.9,0.155,0.763,7.13,5.628415301
"14","physiology",47,20,1,3,7,157.7,157,"E",638.1,13,0.0937,38.3,160.8,0.762,3.31,3.927492447,23,0.123,57.4,212.9,0.73,4.69,4.904051173,31.4,0.174,50.2,207.4,0.758,4.81,6.528066528,17.3,0.17,50.7,198.6,0.745,8.87,1.950394589,14.5,0.143,78,319.2,0.756,4.19,3.460620525,12.2,0.102,87.9,369.9,0.762,2.69,4.535315985,18.5666666666667,0.134283333333333,0.752166666666667,4.76,4.2176568745,31.4,0.174,0.762,8.87,6.528066528
"15","physiology",50,25,2,9,5,244.5,244,"C",1057.5,13.6,0.0749,32.3,125.7,0.743,2.84,4.788732394,13,0.0716,33.4,124.3,0.732,2.88,4.513888889,25.6,0.143,47,201.3,0.767,4.01,6.3840399,15.4199029126214,0.173,64.8,250.4,0.741,9.25,3.32972973,23.4,0.13,84.8,332.3,0.745,3.83,6.109660574,24.5,0.118,100.6,424.8,0.763,3.12,7.852564103,19.2533171521036,0.118416666666667,0.7485,4.32166666666667,5.49643593166667,25.6,0.173,0.767,9.25,7.852564103
"16","physiology",51,20,2,8,4,231.3,231,"L",830.1,19.9,0.125,35.6,148.3,0.76,4.4,4.522727273,20.8,0.11,34.3,134,0.744,4.48,4.642857143,15.7415533980583,0.211,68,302.1,0.775,5.86,5.4778157,22.8,0.157,64.7,248.4,0.74,8.47,2.691853601,24.4,0.128,111.9,430.8,0.74,3.82,6.387434555,15.2,0.0757,105.2,450.4,0.766,2.18,6.972477064,19.806925566343,0.13445,0.754166666666667,4.86833333333333,5.11586088933333,24.4,0.211,0.775,8.47,6.972477064
"17","physiology",61,20,3,13,1,188.1,188,"H",906.8,17,0.138,50.7,204.6,0.752,4.87,3.490759754,22.9,0.158,46.9979591836735,301.7,0.757,5.96,3.842281879,15,0.0761,63.3565656565657,395.8,0.762,2.21,6.787330317,13.8,0.0795,93,374.1,0.751,4.81,2.869022869,15.6,0.0749,96.6,407.3,0.763,2.39,6.527196653,6.25,0.0353,95.8,426.1,0.775,1.05,5.952380952,15.0916666666667,0.0936333333333333,0.76,3.54833333333333,4.911495404,22.9,0.158,0.775,5.96,6.787330317
"18","physiology",63,10,1,1,5,162.5,162,"E",871.8,18.7,0.138,39,147.8,0.736,4.84,3.863636364,9.05,0.0787,46.3,202.1,0.771,3.22,2.810559006,9.02,0.0573,71.1,245,0.71,1.69,5.337278107,3.4,0.0348,69.5,174.2,NA,2.15,1.581395349,2.81,0.0339,40.4,144.7,0.721,1.05,2.676190476,6.42,0.0331,41.2,180.7,0.772,0.841,7.633769322,8.23333333333333,0.0626333333333333,0.742,2.2985,3.98380477066667,18.7,0.138,0.772,4.84,7.633769322
"19","physiology",71,15,2,7,1,247.1,247,"L",1059.5,14.1,0.0809,54.4,199.9,0.728,2.94,4.795918367,4.88,0.036,65,283.8,0.771,1.58,3.088607595,17.9,0.108,70.4,282.7,0.751,3.19,5.611285266,22.3,0.136,67,247.7,0.73,7.38,3.021680217,21.2,0.12,88.5,332.9,0.734,3.65,5.808219178,19.3,0.0947,92,403.1,0.772,2.4,8.041666667,16.6133333333333,0.0959333333333333,0.747666666666667,3.52333333333333,5.06122954833333,22.3,0.136,0.772,7.38,8.041666667
"20","physiology",73,15,1,2,1,172.1,172,"Q",2088.2,16,0.135,42.0079207920792,258.8,0.744,4.87,3.285420945,10.1,0.0523,26.4,102.5,0.743,2.22,4.54954955,12,0.179,65.5,297.8,0.78,5.23,2.294455067,17.4,0.155,70.2,290.3,0.758,8.3,2.096385542,11.6,0.0833019801980198,62.5,253.5,0.754,5.22,2.222222222,15.7,0.0693,65.8,270,0.756,1.77,8.870056497,13.8,0.11231699669967,0.755833333333333,4.60166666666667,3.88634830383333,17.4,0.179,0.78,8.3,8.870056497
"21","physiology",74,20,1,3,6,172.6,172,"Q",585.4,14.4,0.111,25.2,103.3,0.756,4.31,3.341067285,19.1,0.126,49.7,213.2,0.767,4.96,3.850806452,19.2,0.129,66.7,281.1,0.763,3.84,5,26,0.154,64,262.4,0.756,8.37,3.106332139,20.6,0.141,64,287.4,0.777,4.11,5.01216545,14.8,0.111,95.5,412.6,0.769,2.47,5.991902834,19.0166666666667,0.128666666666667,0.764666666666667,4.67666666666667,4.38371236,26,0.154,0.777,8.37,5.991902834
"22","physiology",76,30,3,15,5,196.3,196,"G",1958.3,15.1,0.119,46.4,198.2,0.766,4.78,3.158995816,17.5,0.131,46.9979591836735,203.307843137255,0.764,5.04,3.472222222,15.9,0.106,55.6,201.4,0.724,3.2,4.96875,11.8,0.0764,75.8,265,0.714,4.54,2.599118943,8.87,0.0492,74,273.9,0.73,1.62,5.475308642,23.3,0.154,87.1,395.5,0.78,3.14,7.420382166,15.4116666666667,0.105933333333333,0.746333333333333,3.72,4.51579629816667,23.3,0.154,0.78,5.04,7.420382166
"23","physiology",82,15,3,12,3,186.2,186,"G",2256.9,13.1,0.057,49.3,220.6,0.777,2.41,5.435684647,7.71,0.0382,57.4,218.4,0.737,1.57,4.910828025,17.1,0.103,60.2,270.2,0.777,3.21,5.327102804,17.4,0.114,57.9,232.6,0.751,6.34,2.744479495,25.4,0.119,85.8,358.6,0.761,3.59,7.075208914,11.4,0.0504,79.6,342.9,0.768,1.13,10.08849558,15.3516666666667,0.0802666666666667,0.761833333333333,3.04166666666667,5.93029991083333,25.4,0.119,0.777,6.34,10.08849558
"24","physiology",83,20,1,3,2,253.1,253,"Q",1119.7,12.9,0.111,21.7,80.5,0.731,4.28,3.014018692,22.4,0.136,28.2,111.9,0.748,4.94,4.534412955,15.4,0.14,47.9,204.1,0.765,4.39,3.507972665,23.1,0.157,75.5,325.9,0.768,8.37,2.759856631,15,0.0951,78.5,321.4,0.756,3,5,12,0.0706,71.8,317.8,0.774,1.74,6.896551724,16.8,0.118283333333333,0.757,4.45333333333333,4.28546877783333,23.1,0.157,0.774,8.37,6.896551724
"25","physiology",84,20,2,8,5,202.3,202,"L",1598.1,12,0.0683,39.4,169.4,0.768,2.79,4.301075269,24.8,0.133,41.7,174.6,0.761,4.94,5.020242915,27.4,0.154,51.3,204.5,0.749,4.86,5.637860082,19,0.0991,88.6,345.8,0.744,5.56,3.417266187,23.3,0.116,105,428,0.755,3.62,6.436464088,14.8,0.0659,99.5,413.1,0.759,1.57,9.426751592,20.2166666666667,0.10605,0.756,3.89,5.70661002216667,27.4,0.154,0.768,5.56,9.426751592
"26","physiology",88,20,3,13,7,196.7,196,"G",635.4,23.9,0.135,49.1,209.4,0.765,5.22,4.578544061,26.4,0.135,31.9,138.5,0.769,5.08,5.196850394,15.4,0.0995,86.9,390.6,0.778,3.25,4.738461538,12.6,0.0993,69.2,293.4,0.764,5.56,2.26618705,12.9,0.0576,87.5,342.3,0.744,1.91,6.753926702,8.69,0.0469,103.9,425.5,0.756,1.26,6.896825397,16.6483333333333,0.09555,0.762666666666667,3.71333333333333,5.07179919033333,26.4,0.135,0.778,5.56,6.896825397
"27","physiology",91,15,3,12,1,186.1,186,"G",932.5,15.3,0.0889,43.5,189.1,0.77,3.46,4.421965318,4.38,0.0271,55.6,247.1,0.775,1.19,3.680672269,22.4,0.119,69.6,321.5,0.783,3.95,5.670886076,18.5,0.105,75.5,323.1,0.766,5.75,3.217391304,18.8,0.0978,77.6,332.9,0.767,3.17,5.930599369,8.29,0.0435,97.1,441.5,0.78,1.23,6.739837398,14.6116666666667,0.0802166666666667,0.7735,3.125,4.94355862233333,22.4,0.119,0.783,5.75,6.739837398
"28","physiology",92,25,2,9,1,200.1,200,"C",1425.5,13.6,0.0764,35.3,145.1,0.757,3.01,4.518272425,19.6,0.106,42,169.1,0.751,4.11,4.768856448,15.7415533980583,0.223,48.1,212.7,0.774,7.35,4.789115646,21,0.124,93.8,378.1,0.752,6.5,3.230769231,14.0769902912621,0.136,95,386.7,0.754,4.13,6.537530266,22.8,0.117,116.4,500.7,0.767,3.04,7.5,17.8030906148867,0.1304,0.759166666666667,4.69,5.22409066933333,22.8,0.223,0.774,7.35,7.5
"29","physiology",93,25,3,14,6,196.6,196,"G",1639.6,17.7,0.0716,50,210.2,0.762,2.87,6.167247387,16.6,0.0901,51.5,230.7,0.777,3.25,5.107692308,21.2,0.142,91.8,253.828571428571,0.773,4.77,4.444444444,13.1,0.0818,98.3,387.9,0.747,4.62,2.835497835,12.9,0.0634,90.6,333.7,0.728,2.18,5.917431193,16.2,0.102,106.8,478.8,0.777,2.63,6.159695817,16.2833333333333,0.0918166666666667,0.760666666666667,3.38666666666667,5.10533483066667,21.2,0.142,0.777,4.77,6.167247387
"30","physiology",94,10,2,6,2,226.3,226,"C",1754.2,12.1,0.0592,53.6,221.9,0.759,2.39,5.062761506,5.89,0.0346,31.1,121.6,0.745,1.4,4.207142857,3.94,0.0227,50.9,202.9,0.749,0.825,4.775757576,2.7,0.0281,51.2,178.4,0.713,1.75,1.542857143,10.6,0.0479,52.4,182.4,0.713,1.55,6.838709677,5.41,0.0286,57.3,224.4,0.745,0.819,6.605616606,6.77333333333333,0.03685,0.737333333333333,1.45566666666667,4.83880756083333,12.1,0.0592,0.759,2.39,6.838709677
"31","physiology",97,30,1,5,2,251.2,251,"Q",644.1,12.2,0.085,43.8,184.1,0.762,3.29,3.708206687,18.4,0.11,52.5,216.5,0.758,4.16,4.423076923,18.1,0.117,52.4,206,0.746,4.21,4.299287411,17.4,0.135,65.3,248.9,0.737,7.15,2.433566434,9.44,0.0725,65.1,252.9,0.743,2.43,3.884773663,21.4,0.141,68.9,295.5,0.767,3.46,6.184971098,16.1566666666667,0.110083333333333,0.752166666666667,4.11666666666667,4.155647036,21.4,0.141,0.767,7.15,6.184971098
"32","physiology",98,15,1,2,3,253.2,253,"Q",533.8,13,0.0776,39.3,136.5,0.756264705882353,2.93,4.436860068,5.28,0.0356,41.9,174.5,0.76,1.48,3.567567568,15.3,0.109,45.3,201,0.775,3.93,3.893129771,9.03,0.0699,40.9,147.6,0.723,4.09,2.207823961,13.8,0.0948,55.2,224.9,0.754,3.25,4.246153846,14.9,0.0652,58.9,243.6,0.758,1.68,8.869047619,11.885,0.07535,0.754377450980392,2.89333333333333,4.5367638055,15.3,0.109,0.775,4.09,8.869047619
"33","physiology",99,25,3,14,7,186.6,186,"G",677,22.8,0.126,41.5,163.9,0.747,4.81,4.74012474,29.6,0.174,42.7,183.8,0.768,6.18,4.789644013,23.1,0.149,91,253.828571428571,0.785,5.36,4.309701493,16.3,0.0927,79.7,314,0.746,5.22,3.122605364,11.8,0.0601,89.3,342.4,0.739,2.24,5.267857143,18.7,0.0924,91.2,394.3,0.769,2.38,7.857142857,20.3833333333333,0.1157,0.759,4.365,5.01451260166667,29.6,0.174,0.785,6.18,7.857142857
"34","physiology",102,15,1,2,6,251.5,251,"Q",997.4,9.56,0.0698,50.7,194.4,0.739,2.73,3.501831502,11,0.0607,53,215.9,0.755,2.42,4.545454545,10.8,0.09,56.2,231,0.757,3.3,3.272727273,11.6,0.0942,43.8,171.5,0.745,5.36,2.164179104,15.1,0.0673,57.2,216.3,0.736,2.4,6.291666667,9.44,0.0419,47.4,208.6,0.773,1.07,8.822429907,11.25,0.07065,0.750833333333333,2.88,4.76638149966667,15.1,0.0942,0.773,5.36,8.822429907
"35","physiology",105,10,1,1,3,172.4,172,"Q",685,5.59,0.0895,25,95.8,0.739,3.27,4.25537511213684,9.2,0.046,44.1,163.3,0.73,1.86,4.946236559,5.89,0.0345,68.1,250,0.728,1.28,4.6015625,8.3,0.0449,54.2,220.4,0.754,2.73,3.04029304,8.86,0.0376,41.4,142.1,0.709,1.4,6.328571429,7.69,0.0435,49.9,216.4,0.769,1.09,7.055045872,7.58833333333333,0.0493333333333333,0.738166666666667,1.93833333333333,5.03784741868947,9.2,0.0895,0.769,3.27,7.055045872
"36","physiology",112,20,3,13,2,153.1,153,"R",1897.7,12.5,0.0807,46.6,206.2,0.774,3.58,3.491620112,24.4,0.143,39.2,177.4,0.779,5.28,4.621212121,19,0.11,63.3565656565657,253.828571428571,0.779,3.92,4.846938776,18.5,0.129,97.8,349.1,0.72,3.11,5.948553055,12.2,0.0611,82.4,320.9,0.743,2.26,5.398230088,12.2,0.0537,88.5,371.3,0.762,1.35,9.037037037,16.4666666666667,0.09625,0.7595,3.25,5.55726519816667,24.4,0.143,0.779,5.28,9.037037037
"37","physiology",115,10,1,1,6,255.6,255,"R",569.6,7.3,0.103,41.9,176.7,0.763,4.35,4.25537511213684,3.09,0.0205,33.3,129.4,0.743,0.861,3.588850174,5.79,0.0768,63.3565656565657,253.828571428571,0.714,2.75,2.105454545,3.77,0.0251,41.3,163,0.747,0.677,5.568685377,5.58,0.0349,40.7,155.1,0.737,1.28,4.359375,8.04,0.042,41.2,178.2,0.769,1.05,7.657142857,5.595,0.0503833333333333,0.7455,1.828,4.58914717752281,8.04,0.103,0.769,4.35,7.657142857
"38","physiology",119,25,2,9,6,226.7,226,"D",1560.2,7.84,0.049,52.4,214.9,0.756,2.33,3.364806867,24.4,0.141,64.3,268.4,0.76,5.18,4.71042471,27,0.168,55.4,208.4,0.734,5.84,4.623287671,24.8,0.129,101.3,411.9,0.754,3.46,3.53362553147525,24.5,0.129,106.6,449.1,0.763,4.38,5.593607306,26.2,0.146,119,499.3,0.762,3.46,7.572254335,22.4566666666667,0.127,0.754833333333333,4.10833333333333,4.89966773674587,27,0.168,0.763,5.84,7.572254335
"39","physiology",124,15,1,2,4,257.2,257,"F",1008.7,12.1,0.124,42.5,174.5,0.756,4.99,2.424849699,4.97,0.0383,51.2,214.4,0.761,1.44,3.451388889,13,0.118,40.9,175.2,0.766,4.28,3.037383178,20.1,0.185,39.4,165.9,0.763,4.94,4.068825911,11.2,0.0823,44.5,185.1,0.759,2.82,3.971631206,11.8,0.0781,66.3,277.2,0.761,2.08,5.673076923,12.195,0.104283333333333,0.761,3.425,3.77119263433333,20.1,0.185,0.766,4.99,5.673076923
"40","physiology",125,25,3,14,3,186.5,186,"G",1774.2,27.6,0.199,58.8,220.6,0.733,7.73,3.570504528,31.7,0.169,56.4,237.7,0.763,6.16,5.146103896,23.1,0.132,63.8,265.3,0.76,4.79,4.822546973,22.5,0.131,74.2,269.2,0.725,3.68,3.53362553147525,14.5,0.0932,102.2,353.3,0.711,3.33,4.354354354,13.9,0.0625,78.2,345.8,0.774,1.7,8.176470588,22.2166666666667,0.131116666666667,0.744333333333333,4.565,4.93393431174587,31.7,0.199,0.774,7.73,8.176470588
"41","physiology",126,10,3,11,7,191.6,191,"G",634.4,26.3,0.179,44.5,170.5,0.739,7.24,3.632596685,3.81,0.0157,50.8,218.8,0.768,0.706,5.396600567,9.77,0.0639,65.1,269.7,0.759,2.39,4.087866109,15.5,0.0843,54,192.9,0.72,2.62,5.916030534,6.94,0.0325,60.6,231.1,0.738,1.26,5.507936508,3.04,0.0157,48.9,209.9,0.767,0.444,6.846846847,10.8933333333333,0.0651833333333333,0.7485,2.44333333333333,5.231312875,26.3,0.179,0.768,7.24,6.846846847
"42","physiology",127,20,2,8,1,244.1,244,"C",1272.9,20,0.129,38.6,149.7,0.742,5.33,3.752345216,15.8,0.108,46,204.8,0.775,4.24,3.726415094,17.8,0.111,59.8,250.1,0.761,4.07,4.373464373,3.88,0.0465,88.7,366.2,0.758,1.52,2.552631579,20.2,0.106,108.9,437.2,0.751,3.85,5.246753247,17.5,0.0968,112.2,459.8,0.756,2.6,6.730769231,15.8633333333333,0.09955,0.757166666666667,3.60166666666667,4.39706312333333,20.2,0.129,0.775,5.33,6.730769231
"43","physiology",128,10,1,1,1,305.1,305,"R",951,24.2,0.148,57.3,219.3,0.739,6.45,3.751937984,6.59,0.0521,41,175.2,0.766,2.09,3.153110048,3.63,0.0465,54,199.6,0.73,1.75,2.074285714,18.7,0.143,56.8,226.7,0.749,3.95,4.734177215,6.13,0.0315,52.6,210.3,0.75,1.18,5.194915254,8.38,0.0446,50.3,211.3,0.762,1.35,6.207407407,11.2716666666667,0.0776166666666667,0.749333333333333,2.795,4.18597227033333,24.2,0.148,0.766,6.45,6.207407407
"44","physiology",131,20,3,13,4,186.4,186,"G",1382.7,24.7,0.133,49.8,204,0.756,6,4.116666667,28,0.148,51.1,229.2,0.777,5.35,5.23364486,12.6,0.0922,72.4,329.8,0.78,3.43,3.673469388,22.7,0.125,74,283,0.739,3.93,5.776081425,14.3,0.079,99.7,407.8,0.756,2.93,4.880546075,4.75,0.0289,104.1,465.5,0.776,0.972,4.886831276,17.8416666666667,0.101016666666667,0.764,3.76866666666667,4.76120661516667,28,0.148,0.78,6,5.776081425
"45","physiology",133,25,2,9,3,244.3,244,"C",388.1,21.9,0.174,58.5,229,0.744,8.17,2.680538556,26.6,0.178,42.3,165.6,0.745,6.32,4.208860759,26.1,0.169,52.7,218.8,0.759,6.1,4.278688525,19.4,0.129,67.5029126213592,377.9,0.725,4.05,4.790123457,20.1,0.091,100.6,367.5,0.726,3.33,6.036036036,18.9,0.106,106.7,451.8,0.764,3.22,5.869565217,22.1666666666667,0.141166666666667,0.743833333333333,5.19833333333333,4.64396875833333,26.6,0.178,0.764,8.17,6.036036036
"46","physiology",134,25,1,4,4,255.3,255,"R",1037.8,14.6,0.21,31.8,131.3,0.758,4.34032673267327,4.25537511213684,15.7,0.199,34.2,144.7,0.763,6.94,2.262247839,19.4,0.164,63,265.6,0.763,6.09,3.185550082,15.9,0.168,62.2,255.8,0.757,5.27,3.017077799,16.8,0.0916,68.8,271.5,0.747,3.39,4.955752212,9.45,0.0519,90.2,386.7,0.767,1.75,5.4,15.3083333333333,0.147416666666667,0.759166666666667,4.63005445544554,3.84600050735614,19.4,0.21,0.767,6.94,5.4
"47","physiology",136,15,3,12,4,191.3,191,"F",1771.8,28.8,0.159,50.1,217.3,0.77,7.2,4,9.28,0.0483,51.7,240.1,0.785,1.93,4.808290155,17.6,0.102,64.1,275.3,0.767,3.89,4.524421594,11.3,0.0488,60.6,226.8,0.733,1.74,3.53362553147525,23.5,0.126,75.7,307.6,0.754,4.56,5.153508772,12.6,0.0527,80.6,348.3,0.769,1.81,6.961325967,17.18,0.0894666666666667,0.763,3.52166666666667,4.83019533657921,28.8,0.159,0.785,7.2,6.961325967
"48","physiology",137,10,1,1,2,257.1,257,"F",1434,11.3,0.182,25,91.9,0.727,7.78,4.25537511213684,13,0.109,29.9,125.1,0.761,3.85,3.376623377,2.96,0.0207,52.8,202.8,0.74,0.798,3.709273183,3.56,0.0485,48.3,182.2,0.735,1.62,2.197530864,5.59,0.08,43.3,173.5,0.751,2.8,4.96089014540404,NA,0.0109,26.1,97.4,0.732,0.342,NA,7.282,0.0751833333333333,0.741,2.865,3.69993853630818,13,0.182,0.761,7.78,4.96089014540404
"49","physiology",140,20,2,8,3,200.1,200,"C",2640.2,18.8,0.127,40.7,146.5,0.756264705882353,5.8,3.24137931,27.9,0.133,35.3,151.9,0.768,4.6,6.065217391,24.3,0.135,70.3,297.3,0.764,5.1,4.764705882,20.7,0.113,101.6,260.334951456311,0.766,3.61,5.734072022,20.7,0.0991,90.2,329.7,0.726,3.72,5.564516129,10.5,0.0464,99.9,421.9,0.763,1.58,6.64556962,20.4833333333333,0.108916666666667,0.757210784313725,4.06833333333333,5.335910059,27.9,0.135,0.768,5.8,6.64556962
"50","physiology",141,10,1,1,7,251.6,251,"R",388.5,20.3,0.121,26.7,109.3,0.755,5.83,3.481989708,8.91,0.045,38.9,145.1,0.732,1.72,5.180232558,6.9,0.0332,50.7,197.8,0.744,1.32,5.227272727,5.44,0.0292,41.6,177.8,0.766,0.965,5.637305699,11.8,0.0489,46,187.1,0.754,1.95,6.051282051,1.94,0.0337,54.7,225.5,0.757,1.19,1.630252101,9.215,0.0518333333333333,0.751333333333333,2.1625,4.534722474,20.3,0.121,0.766,5.83,6.051282051
"51","physiology",147,10,3,11,6,153.5,153,"R",581.8,31,0.112794174757282,47.8,197,0.757,4.34032673267327,3.242677824,10.4,0.0501,50.7,205,0.753,1.98,5.252525253,9.61,0.0399,56.6,252.3,0.776,1.68,5.720238095,2.27,0.0154,52.5,193.4,0.728,0.54,4.203703704,7.54,0.0326,52.5,222,0.764,1.3,5.8,7.56,0.121,56.3,253.5,0.778,4.1,1.843902439,11.3966666666667,0.0619656957928803,0.759333333333333,2.32338778877888,4.34384121916667,31,0.121,0.778,4.34032673267327,5.8
"52","physiology",151,10,2,6,1,227.1,227,"B",1882,17.2734951456311,0.206,47.4,169.8,0.756264705882353,4.34032673267327,3.192307692,10.2,0.061,52.1,187.8,0.763584158415842,2.44,4.180327869,4.58,0.0283,51.4,195,0.736,1.18,3.881355932,3.87,0.0181,62.5,204,0.694,0.68,5.691176471,4.38,0.0227,65.9,230.5,0.714,0.937,4.674493063,5.56,0.0514,78.3,337.9,0.768,1.67,3.329341317,7.64391585760518,0.0645833333333333,0.738641477383032,1.87455445544554,4.15816705733333,17.2734951456311,0.206,0.768,4.34032673267327,5.691176471
"53","physiology",152,10,3,11,2,184.2,184,"F",1704.2,11.5,0.116,63.3,254.5,0.751,6.51,4.25537511213684,9.04,0.0449,39.9,150.1,0.734,1.8,5.022222222,3.48,0.0207,41.8,158.6,0.736,0.938,3.710021322,1.1,0.00897,42.5,127,NA,0.326,3.374233129,10.8,0.0523,57.4,233.5,0.754,2.07,5.217391304,10.8,0.049,63,257.5,0.756,1.63,6.625766871,7.78666666666667,0.048645,0.7462,2.21233333333333,4.70083499335614,11.5,0.116,0.756,6.51,6.625766871
"54","physiology",159,15,1,2,7,159.7,159,"K",1822.3,7.26,0.0351,28.7,121.1,0.763,1.49,4.872483221,7.6,0.0408,27.1,113.7,0.762,1.71,4.444444444,20.2,0.158,48.5,193.4,0.749,6.51,3.102918587,18.3,0.16,66.5,267.7,0.751,5.17,3.539651838,15.8,0.0949,49,193.5,0.747,3.52,4.488636364,17.4,0.0799,46,191.5,0.76,2.48,7.016129032,14.4266666666667,0.0947833333333333,0.755333333333333,3.48,4.57737724766667,20.2,0.16,0.763,6.51,7.016129032
"55","physiology",160,10,3,11,3,153.2,153,"R",1807.2,16.9,0.0779,40.8,185.9,0.78,2.98,5.67114094,NA,0.00494,41.2,168.9,0.756,0.209,4.26554489883495,1.87,0.00744,42.9,150.3,0.714,0.346,5.404624277,5.99,0.0288,38.2,129.9,0.706,1.07,5.598130841,10.6,0.0476,46,156.4,0.706,1.93,5.492227979,5.71,0.0389,49.5,217.4,0.773,1.24,4.60483871,8.214,0.0342633333333333,0.739166666666667,1.29583333333333,5.17275127430583,16.9,0.0779,0.78,2.98,5.67114094
"56","physiology",168,20,3,13,5,184.4,184,"F",1647.1,16,0.0746,35.9,168.2,0.786,2.79,5.734767025,9.15,0.0529,25,105.9,0.764,2.31,3.961038961,12,0.0721,55.2,236.9,0.767,3.16,3.797468354,15.7,0.101,73.4,296.6,0.753,3.62,4.337016575,13.8,0.0678,79.1,279.4,0.717,2.72,5.073529412,5.15,0.0407,94.6,386.4,0.755,1.38,3.731884058,11.9666666666667,0.0681833333333333,0.757,2.66333333333333,4.43928406416667,16,0.101,0.786,3.62,5.734767025
"57","physiology",169,25,3,14,4,184.5,184,"F",758.9,28.4,0.179,48,199.1,0.759,6.41,4.430577223,13.8,0.0673,46.9979591836735,203.307843137255,0.78,2.87,4.808362369,21.2,0.125,68.6,284.7,0.759,4.96,4.274193548,19.9,0.125,92.5,371.7,0.751,4.32,4.606481481,13.2,0.083,81.3,324.7,0.75,3.29,4.012158055,16.6,0.0942,97.8,449.1,0.782,2.95,5.627118644,18.85,0.11225,0.7635,4.13333333333333,4.62648188666667,28.4,0.179,0.782,6.41,5.627118644
"58","physiology",170,15,3,12,2,184.1,184,"F",1082.9,13.3,0.0732,39.1,155.5,0.748,2.87,4.634146341,8.66,0.0382,40.1,162.2,0.753,1.75,4.948571429,19.3,0.106,50.6,231.2,0.781,4.41,4.376417234,22.1,0.106,53.2,239.8,0.778,3.62,3.53362553147525,22.6,0.132,47.7,188.1,0.746,4.95,4.565656566,13.4,0.0651,84.6,375.4,0.775,2.02,6.633663366,16.56,0.08675,0.7635,3.27,4.78201341124587,22.6,0.132,0.781,4.95,6.633663366
"59","physiology",173,10,2,6,5,221.4,221,"B",530,13.8,0.0764,29.8,129.1,0.769,3.01,4.584717608,4.7,0.0466,40.4,172.9,0.766,2.18,2.155963303,5.19,0.0508,54.6,189.4,0.712,2.09,2.483253589,2.91,0.026,59.4,247.1,0.76,1.03,2.825242718,4.65,0.0325,57.9,212.3,0.727,1.27,3.661417323,7.49,0.0232,69.5,292.7,0.763,0.773,9.689521345,6.45666666666667,0.0425833333333333,0.7495,1.7255,4.23335264766667,13.8,0.0764,0.769,3.01,9.689521345
"60","physiology",174,25,1,4,3,167.2,167,"K",564.7,26.7,0.148,36.4,134,0.728,5.68,4.700704225,17.4,0.115,44.5,188.2,0.764,4.98,3.493975904,14.3,0.149,85.2,378.6,0.775,5.86,2.440273038,17.7,0.105,83.9,343.5,0.756,3.83,4.621409922,15.8,0.0959,73.5,294.5,0.75,3.52,4.488636364,14.8,0.0976,74.9,322.7,0.768,3.09,4.789644013,17.7833333333333,0.118416666666667,0.756833333333333,4.49333333333333,4.08910724433333,26.7,0.149,0.775,5.86,4.789644013
"61","physiology",180,25,3,14,1,176.1,176,"T",1310.1,17.7,0.161,44.8,199.4,0.775,6.27,2.822966507,21.4,0.117,65.5,313.2,0.791,5.06,4.229249012,24.9,0.151,73.6,326,0.774,5.82,4.278350515,20.4,0.121,93.6,406.6,0.77,4.43,4.60496614,11.6,0.0746,82.2,314.3,0.738,2.8,4.142857143,17.3,0.089,107.9,520.4,0.793,2.85,6.070175439,18.8833333333333,0.118933333333333,0.7735,4.53833333333333,4.358094126,24.9,0.161,0.793,6.27,6.070175439
"62","physiology",181,10,3,11,1,193.1,193,"T",1917.6,11.2,0.0618,44.3,192.1,0.769,2.83,3.957597173,6.39,0.0297,39.2,174.6,0.776,1.43,4.468531469,2.83,0.0151,50.6,184.1,0.725,0.685,4.131386861,3.18,0.0147,56.4,203.9,0.723,0.628,5.063694268,9.3,0.0533,46.9,166.6,0.718,1.96,4.744897959,3.15,0.0238,49.5,205.7,0.76,0.845,3.727810651,6.00833333333333,0.0330666666666667,0.745166666666667,1.39633333333333,4.34898639683333,11.2,0.0618,0.776,2.83,5.063694268
"63","physiology",184,25,1,4,2,256.1,256,"K",531.6,13.3,0.19,42.0079207920792,171.542,0.741,7.46,4.25537511213684,21,0.106,37.3,165,0.774,4.78,4.393305439,27.6,0.198,61,253.3,0.759,3.78150485436893,3.575129534,18.7,0.15,71.4,277.1,0.742,5.43,3.443830571,8.24,0.0912,73,311.5,0.766,3.37,2.445103858,11.5,0.0519,76.3,328.5,0.768,1.73,6.647398844,16.7233333333333,0.131183333333333,0.758333333333333,4.42525080906149,4.12669055968947,27.6,0.198,0.774,7.46,6.647398844
"64","physiology",190,20,3,13,3,176.2,176,"T",1883.4,26.5,0.155,30.9,124.8,0.752,6,4.416666667,22.9,0.152,46.2,203.1,0.772,6.55,3.496183206,14.4,0.102,64.4,272.4,0.763,4.08,3.529411765,20.5,0.145,69.9,269.6,0.741,5.19,3.949903661,13.2,0.0725,73.8,279.9,0.736,2.72,4.852941176,10.5,0.0603,85.1,390.3,0.782,1.95,5.384615385,18,0.114466666666667,0.757666666666667,4.415,4.27162031,26.5,0.155,0.782,6.55,5.384615385
"65","physiology",196,15,3,12,5,193.3,193,"T",2598.1,11.4,0.0548,49,207.2,0.764,2.36,4.830508475,1.86,0.0151,45.3,200.5,0.774,0.733,2.537517053,17.9,0.0927,52.9,216.7,0.756,4.02,4.452736318,18.4,0.0842,51.4,200.8,0.744,3.23,5.696594427,13.5,0.0831,64.6,224.2,0.712,2.99,4.515050167,7.66,0.0415,80.3,328.3,0.755,1.36,5.632352941,11.7866666666667,0.0619,0.750833333333333,2.44883333333333,4.61079323016667,18.4,0.0927,0.774,4.02,5.696594427
"66","physiology",197,25,3,14,5,154.5,154,"T",1177,15.6,0.0727,51.5,232.7,0.778,3.29,4.741641337,28.3,0.159,58.4,269.5,0.783,6.77,4.180206795,16.1,0.105,47.8,212.9,0.775,4.28,3.761682243,25.4,0.154,67.5029126213592,260.334951456311,0.762,5.29,4.801512287,16.4,0.072,103.3,434.2,0.762,2.65,6.188679245,24.4,0.115,96.6,446.5,0.784,3.47,7.031700288,21.0333333333333,0.11295,0.774,4.29166666666667,5.11757036583333,28.3,0.159,0.784,6.77,7.031700288
"67","physiology",202,15,2,7,2,221.1,221,"B",907.8,6.3,0.0364,43.7,167.9,0.739,1.94,3.24742268,2.35,0.0117,65.6,271,0.758,0.598,3.929765886,17.4,0.112,76.2,324.2,0.765,4.76,3.655462185,17.2,0.0917,63.9,233.5,0.726,3.47,4.956772334,17.5,0.0766,77.6,336.4,0.769,2.79,6.272401434,15.9,0.0873,84.2,336.3,0.75,2.7,5.888888889,12.775,0.0692833333333333,0.751166666666667,2.70966666666667,4.65845223466667,17.5,0.112,0.769,4.76,6.272401434
"68","physiology",204,15,2,7,4,230.2,230,"A",2932.4,17.4,0.0832,46.4,193.1,0.76,4.09,4.254278729,9.87,0.0567,46.9979591836735,296.1,0.75,2.77,3.563176895,5.77,0.0341,69.9,282,0.752,1.58,3.651898734,20.9,0.0986,63.1,263.3,0.76,3.81,5.485564304,20,0.128,65.8,256.2,0.743,4.39,4.555808656,13.4,0.0845,93.6,378.9,0.753,2.63,5.095057034,14.5566666666667,0.08085,0.753,3.21166666666667,4.434297392,20.9,0.128,0.76,4.39,5.485564304
"69","physiology",205,10,2,6,3,246.3,246,"A",1631.8,7.57,0.0234,38.7,149.1,0.74,1.28,5.9140625,3.15,0.0459,53.1,199,0.733,2.23,4.26554489883495,2.13,0.0214,58.4,223.2,0.738,1.04,2.048076923,3.93,0.0256,36.1,136.2,0.735,1.1,3.572727273,14.0769902912621,0.0833019801980198,37.8,126.9,0.742333333333333,2.93492079207921,4.96089014540404,6.17,0.024,44.6,175.9,0.747,0.795,7.761006289,6.17116504854369,0.03726699669967,0.739222222222222,1.5633201320132,4.75371800487317,14.0769902912621,0.0833019801980198,0.747,2.93492079207921,7.761006289
"70","physiology",207,15,2,7,3,248.1,248,"N",1705.3,11.5,0.0742,47.4,185.7,0.745,3.41,3.372434018,9.38,0.0433,51.4,210.7,0.756,2.13,4.403755869,11.5,0.0681,70.7,285.8,0.753,3.11,3.697749196,13.9,0.102,54,231,0.766,4.13,3.365617433,21.1,0.0946,44.6,161.2,0.723,3.36,6.279761905,18.9,0.0871,108.5,446.1,0.757,2.65,7.132075472,14.38,0.0782166666666667,0.75,3.13166666666667,4.70856564883333,21.1,0.102,0.766,4.13,7.132075472
"71","physiology",208,25,2,9,4,228.4,228,"N",1294.6,15.5,0.208,31.7,138.9,0.772,4.34032673267327,1.810747664,23.5,0.146,67.2,296.5,0.773,6.22,3.778135048,30.5,0.191,60,241,0.751,3.78150485436893,4.013157895,21.8,0.128,96.2,395.3,0.757,4.82,4.522821577,15.5,0.0902,110.2,421.8,0.739,3.33,4.654654655,21.2,0.112,102.8,425.5,0.758,3.38,6.272189349,21.3333333333333,0.145866666666667,0.758333333333333,4.3119719311737,4.17528436466667,30.5,0.208,0.773,6.22,6.272189349
"72","physiology",211,10,3,11,5,176.4,176,"T",1406.3,6.61,0.042,43.2,195.4,0.779,1.79,3.69273743,2.81,0.0245,52.9,226.9,0.767,1.2,2.341666667,2.55,0.0162,72.7,303.4,0.761,0.777,3.281853282,4.93,0.0305,62.6,247.2,0.747,1.31,3.763358779,11.8,0.0501,60.2,210.9,0.715,1.98,5.95959596,11.1,0.0459,68.7,293.2,0.766,1.41,7.872340426,6.63333333333333,0.0348666666666667,0.755833333333333,1.41116666666667,4.48525875733333,11.8,0.0501,0.779,1.98,7.872340426
"73","physiology",217,20,1,3,3,165.1,165,"K",735.4,12.5,0.0992,41.1,166.5,0.753,3.88,3.221649485,12.2,0.109,49.4,213.4,0.768,4.61,2.646420824,15.7,0.0986,54.8,225.8,0.757,4.55,3.450549451,21.7,0.139,60.2,263.9,0.772,5.56,3.902877698,13.9,0.0718,74.2,320.1,0.768,2.83,4.911660777,10.8,0.0623,75.4,319.3,0.764,2.06,5.242718447,14.4666666666667,0.09665,0.763666666666667,3.915,3.895979447,21.7,0.139,0.772,5.56,5.242718447
"74","physiology",220,30,3,15,4,194.2,194,"T",2067.1,29.7,0.189,63.3,171.542,0.772,6.83,4.348462665,24.4,0.15,44.4,190.7,0.767,6.45,3.782945736,10.9,0.0675,91.6,348.4,0.737,3.12,3.493589744,14.4,0.109,81.8,306.9,0.734,4.33,3.325635104,10.7,0.0494,87.8,350,0.749,1.93,5.544041451,20.5,0.102,95,415.8,0.771,2.94,6.972789116,18.4333333333333,0.11115,0.755,4.26666666666667,4.577910636,29.7,0.189,0.772,6.83,6.972789116
"75","physiology",230,10,2,6,6,246.5,246,"A",1666.7,26.2,0.167,38.3,154.5,0.752,6.63,3.95173454,5.89,0.0346,37.9,165,0.77,1.69,3.485207101,6.83,0.0351,54.8,144.8,0.755176470588235,1.69,4.041420118,6.68,0.0418,57.8,181.7,NA,1.87,3.572192513,5.2,0.029,50.3,157.9,0.742333333333333,1.15,4.52173913,2.24,0.024,47.6,194.2,0.755,0.778,2.879177378,8.84,0.05525,0.754901960784314,2.30133333333333,3.74191179666667,26.2,0.167,0.77,6.63,4.52173913
"76","physiology",231,15,2,7,6,230.4,230,"A",853.7,18,0.119,39.2,151.5,0.741,4.83,3.726708075,3.09,0.0133,51.7,232.5,0.778,0.63,4.904761905,19.2,0.0832,68,263.2,0.742,3.75,5.12,22.7,0.12,65,270.4,0.76,5.01,4.530938124,14.5,0.0891,60.6,245.2,0.753,3.48,4.166666667,10.4,0.0502,95.5,380.7,0.749,1.61,6.459627329,14.6483333333333,0.0791333333333333,0.753833333333333,3.21833333333333,4.81811701666667,22.7,0.12,0.778,5.01,6.459627329
"77","physiology",233,30,2,10,6,231.5,231,"M",1572.9,19.8,0.139,54.4,228.1,0.762,5.51,3.593466425,13.9,0.0727,46.9,200,0.766,3.38,4.112426036,18.4,0.129,77.9,286,0.728,5.42,3.394833948,18.8,0.113,80.3,254.4,NA,4.8,3.916666667,18.7,0.111,90.8,366.5,0.752,4.1,4.56097561,16.4,0.0958,95.8,416.8,0.77,2.97,5.521885522,17.6666666666667,0.110083333333333,0.7556,4.36333333333333,4.18337570133333,19.8,0.139,0.77,5.51,5.521885522
"78","physiology",234,30,3,15,7,182.5,182,"S",2054,17.2734951456311,0.112794174757282,43.1,196.1,0.78,8.16,4.87745098,24.9,0.15,66.6,308.5,0.784,6.3,3.952380952,19.7,0.123,66.4,221,0.755176470588235,5.15,3.825242718,15,0.0842,76.1,259.1,0.706,3.74,4.010695187,9.35,0.0435,76.9,252.9,0.742333333333333,1.68,5.56547619,19.9,0.0935,78.2,330.4,0.763,2.77,7.184115523,17.6872491909385,0.10116569579288,0.755084967320261,4.63333333333333,4.90256025833333,24.9,0.15,0.784,8.16,7.184115523
"79","physiology",236,30,2,10,7,231.6,231,"M",1729.7,24.4,0.162,30.8,128,0.759,6.64,3.674698795,21,0.142,61.7,277.6,0.778,6.01,3.494176373,18.6,0.11,63.3565656565657,367,0.744,4.56,4.078947368,14.4,0.0947,54.4,196.9,0.724,4.24,3.396226415,18.6,0.102,94.1,355,0.735,3.75,4.96,14.9,0.0823,95.2,410.9,0.768,2.52,5.912698413,18.65,0.1155,0.751333333333333,4.62,4.25279122733333,24.4,0.162,0.778,6.64,5.912698413
"80","physiology",255,30,3,15,1,182.1,182,"S",640.9,31.3,0.2,35.8,158.4,0.774,7.86,3.982188295,25.1,0.175,50.3,228.3,0.78,7.06,3.555240793,14.2,0.104,58.5,218.2,0.732,4.26,3.333333333,12.1,0.0794,95.3,337.3,0.718,3.55,3.408450704,9.08,0.0442,86.9,338.6,0.743,1.78,5.101123596,10.5,0.083,83.1,374.2,0.778,2.61,4.022988506,17.0466666666667,0.114266666666667,0.754166666666667,4.52,3.9005542045,31.3,0.2,0.78,7.86,5.101123596
"81","physiology",259,10,1,1,4,173.4,173,"J",2524.8,16.8,0.134,58.2,255.2,0.772,5.45,3.082568807,7.4,0.038,50.8,193.5,0.737,1.7,4.352941176,4.04,0.0412,59.9,250.2,0.761,1.86,2.172043011,9.33,0.0435,57.1,223.7,0.745,1.99,4.688442211,10.2,0.0822,40.5,161,0.749,2.95,3.457627119,6.61,0.0345,61.9,260,0.762,1.1,6.009090909,9.06333333333333,0.0622333333333333,0.754333333333333,2.50833333333333,3.9604522055,16.8,0.134,0.772,5.45,6.009090909
"82","physiology",260,30,1,5,3,173.3,173,"J",1717.3,27.4,0.179,31,120.1,0.742,7,3.914285714,29.5,0.17,62.6,276.8,0.774,6.59,4.476479514,19.5,0.152,58.4,234.5,0.751,6.03,3.233830846,15.2,0.101,61.3,231,0.735,4.58,3.318777293,11.3,0.0766,62.5,221.4,0.718,2.98,3.791946309,12.3,0.241,70.4,272.4,0.741,6.86,1.793002915,19.2,0.153266666666667,0.7435,5.67333333333333,3.4213870985,29.5,0.241,0.774,7,4.476479514
"83","physiology",263,30,2,10,3,201.2,201,"M",306.9,27.9,0.191,47.8,204.9,0.767,7.58,3.680738786,15.0237368932039,0.0919061538461538,40.4,179.2,0.775,7.55,4.609271523,26,0.159,76,313.8,0.758,6.22,4.180064309,21,0.168,75.2,262.9,0.714,7.29,2.880658436,17.4,0.0802,85.4,342.3,0.75,3.12,5.576923077,27.3,0.18,94.1,392.5,0.76,5.08,5.374015748,22.4372894822006,0.145017692307692,0.754,6.14,4.38361197983333,27.9,0.191,0.775,7.58,5.576923077
"84","physiology",264,25,1,4,5,156.3,156,"J",1918.1,29.7,0.157,41.6,175.8,0.763,6.34,4.684542587,15.9,0.129,43.2,192.4,0.776,4.81,3.305613306,22.2,0.132,64.2,265.7,0.759,5.12,4.3359375,17.5,0.159,54.3,211.2,0.743,6.89,2.539912917,11.2,0.0833019801980198,68,283.4,0.76,2.93492079207921,4.96089014540404,12.4,0.107,77,325.8,0.764,3.17,3.911671924,18.15,0.127883663366337,0.760833333333333,4.87748679867987,3.95642806323401,29.7,0.159,0.776,6.89,4.96089014540404
"85","physiology",266,15,1,2,2,173.1,173,"J",2823.5,24.2,0.135,23.2,102.1,0.773,5.44,4.448529412,12.2,0.0539,40.9,168,0.756,2.16,5.648148148,21.2,0.103,44.9,188.5,0.762,4.14,5.120772947,23.1,0.108,43.2,170.9,0.747,5.09,4.538310413,16.4,0.109,69.4,276.9,0.75,4.07,4.029484029,4.02,0.0245,70.7,293.6,0.759,0.828,4.855072464,16.8533333333333,0.0889,0.757833333333333,3.62133333333333,4.7733862355,24.2,0.135,0.773,5.44,5.648148148
"86","physiology",268,30,2,10,4,245.4,245,"M",1333,20,0.13,38.5,165.9,0.768,5.11,3.913894325,17.7,0.104,46.9979591836735,320.3,0.771,3.93,4.503816794,12.9,0.0888,74.7,295.3,0.747,3.7,3.486486486,14.5,0.0865,79,305.4,0.741,4.18,3.468899522,18.7,0.105,105.3,403.5,0.739,4.15,4.506024096,29.8,0.188,108.5,460.5,0.765,5.36,5.559701493,18.9333333333333,0.11705,0.755166666666667,4.405,4.239803786,29.8,0.188,0.771,5.36,5.559701493
"87","physiology",271,20,2,8,6,245.5,245,"M",3648.8,19,0.105,53.4,209.8,0.746,4.05,4.691358025,16.4,0.0753,48.8,204.1,0.761,2.92,5.616438356,13.8,0.0625,66.3,271.2,0.755,2.67,5.168539326,19.4,0.129,64.5,272,0.763,6.03,3.217247098,16.3,0.076,94.6,332.5,0.716,2.98,5.469798658,18.7,0.107,90.9,384.9,0.764,3.33,5.615615616,17.2666666666667,0.0924666666666667,0.750833333333333,3.66333333333333,4.96316617983333,19.4,0.129,0.764,6.03,5.616438356
"88","physiology",276,15,3,12,6,185.3,185,"J",591.4,3.96,0.0234,29,117.5,0.753,0.873,4.536082474,10.1,0.0438,32.9,144,0.771,1.67,6.047904192,9.82,0.0612,73.7,307.6,0.76,2.4,4.091666667,9.63,0.0552,61.8,266.6,0.768,2.86,3.367132867,12.3,0.0693,70.3,257.9,0.727,2.79,4.408602151,5.73,0.0375,82.5,358.1,0.77,1.25,4.584,8.59,0.0484,0.758166666666667,1.97383333333333,4.5058980585,12.3,0.0693,0.771,2.86,6.047904192
"89","physiology",278,20,2,8,2,225.1,225,"M",1402.4,17.9,0.123,45.9,197.2,0.767,4.4,4.068181818,14.5,0.0703,54.3,233.6,0.768,2.7,5.37037037,13.6,0.0886,63.4,263.7,0.759,3.72,3.655913978,24.1,0.134,84.9,319.9,0.735,6.22,3.874598071,16.8,0.0948,100,361.5,0.723,3.83,4.386422977,11.1,0.0504,110,437.4,0.749,1.69,6.568047337,16.3333333333333,0.0935166666666667,0.750166666666667,3.76,4.65392242516667,24.1,0.134,0.768,6.22,6.568047337
"90","physiology",281,25,2,9,2,225.2,225,"M",2439,20.1,0.109,40.8,182.1,0.776,3.97,5.062972292,20.9,0.102,55.7,234.4,0.762,3.8,5.5,19,0.0998,63.9,263.9,0.758,3.98,4.773869347,22.8,0.136,89.9,345.4,0.74,6.3,3.619047619,14.1,0.0638,86,301.4,0.715,2.68,5.26119403,18.4,0.0804,91,379.7,0.76,2.61,7.049808429,19.2166666666667,0.0985,0.751833333333333,3.89,5.2111486195,22.8,0.136,0.776,6.3,7.049808429
"91","physiology",282,15,2,7,5,229.3,229,"M",728.9,12.6,0.0609,61.2,171.542,0.778,2.39,5.271966527,10.1,0.0518,42.3,179.1,0.764,2.07,4.879227053,14.2,0.0883,64.4,266.6,0.758,3.56,3.988764045,16.8,0.106,59.4,226.7,0.738,5.16,3.255813953,17.8,0.0994,59.7,203.7,0.707,3.96,4.494949495,12.9,0.0557,92.3,382.3,0.759,1.89,6.825396825,14.0666666666667,0.0770166666666667,0.750666666666667,3.17166666666667,4.78601964966667,17.8,0.106,0.778,5.16,6.825396825
"92","physiology",288,20,1,3,5,304.2,304,"N",563.4,20.6,0.12,30,119.4,0.749,4.56,4.51754386,16.8,0.14,51.7,228.3,0.774,5.16,3.255813953,19.5,0.126,70.8,287.7,0.754,5.02,3.884462151,24.4,0.138,75.7,320.4,0.764,6.44,3.788819876,19.5,0.136,76.5,296.3,0.742,2.93492079207921,3.644859813,14.4,0.0804,110.9,482.2,0.77,2.68,5.373134328,19.2,0.1234,0.758833333333333,4.4658201320132,4.07743899683333,24.4,0.14,0.774,6.44,5.373134328
"93","physiology",293,30,3,15,2,295.1,295,"I",1494.6,23.3,0.132,49.6,216.5,0.771,4.8,4.854166667,28.2,0.159,51.5,230,0.776,5.86,4.812286689,11.8,0.0716,77.8,295.7,0.737,3,3.933333333,6.63,0.0481,79.6,293.6,0.729,2.45,2.706122449,11.5,0.0675,75.8,295.7,0.744,2.82,4.078014184,23.4,0.147,83.4,380.8,0.781,4.4,5.318181818,17.4716666666667,0.1042,0.756333333333333,3.88833333333333,4.28368419,28.2,0.159,0.781,5.86,5.318181818
"94","physiology",295,25,2,9,7,228.8,228,"N",1684.4,11.2,0.0573,43.4,159.8,0.729,2.09,5.358851675,23.4,0.11,50.5,234.3,0.785,4.14,5.652173913,16.8,0.0974,71.4,273.5,0.739,4.18,4.019138756,25.5,0.147,83.5,346.4,NA,6.58,3.875379939,21.7,0.106,96.1,350.4,0.726,4.37,4.965675057,24.9,0.151,111.6,474.1,0.765,4.5,5.533333333,20.5833333333333,0.11145,0.7488,4.31,4.90075877883333,25.5,0.151,0.785,6.58,5.652173913
"95","physiology",296,30,2,10,2,228.1,228,"N",986.8,16.5,0.17,28.1,104.8,0.731,6.02,2.740863787,17.7,0.13,52.7,218.7,0.759,4.98,3.554216867,23,0.152,61.4,262.2,0.766,6.19,3.715670436,7.61,0.0364,58.7,208.3,0.718,1.87,4.069518717,14.6,0.0773,89.1,362,0.754,3.27,4.464831804,21.6,0.124,95.8,415.3,0.769,3.8,5.684210526,16.835,0.11495,0.7495,4.355,4.0382186895,23,0.17,0.769,6.19,5.684210526
"96","physiology",297,10,3,11,4,296.2,296,"I",593.2,23.6,0.118,42.0079207920792,171.542,0.768,4.45,5.303370787,8.11,0.038,63.8,286.9,0.778,1.64,4.945121951,3.34,0.0168,66.8,263.4,0.746,0.798,4.185463659,4.19,0.0197,47.7,150.2,0.682,1.06,3.952830189,11.3,0.0532,61.8,240.1,0.743,2.24,5.044642857,2.41,0.0208,67.1,289.8,0.768,0.713,3.380084151,8.825,0.0444166666666667,0.7475,1.81683333333333,4.468585599,23.6,0.118,0.778,4.45,5.303370787
"97","physiology",299,20,2,8,7,248.5,248,"N",2199.1,20.6,0.126,54.1,221.7,0.756,4.55,4.527472527,15.4,0.0726,62,269.8,0.77,2.82,5.460992908,18.8,0.0953,68,288.8,0.765,4.24,4.433962264,27.1,0.162,77.9,302.2,0.742,6.97,3.888091822,22.8,0.117,73.8682692307692,434.2,0.728,4.89,4.662576687,12.1,0.054,97.5,403,0.758,1.88,6.436170213,19.4666666666667,0.104483333333333,0.753166666666667,4.225,4.9015444035,27.1,0.162,0.77,6.97,6.436170213
"98","physiology",302,25,1,4,6,163.4,163,"P",778,10.5,0.0688,34.4,149.6,0.77,2.5,4.2,21.8,0.16,59.2,266.4,0.778,5.84,3.732876712,20,0.145,83.4,363.1,0.77,5.92,3.378378378,19.5,0.165,90.8,372.8,0.756,7.24,2.693370166,20.1,0.133,85.7,341.5,0.749,2.93492079207921,3.661202186,9.35,0.14,86.6,364,0.762,4.26,2.194835681,16.875,0.1353,0.764166666666667,4.78248679867987,3.3101105205,21.8,0.165,0.778,7.24,4.2
"99","physiology",307,15,1,2,5,306.4,306,"P",1513.3,3.11,0.0869,37.7,156.9,0.759,2.88,4.25537511213684,10.2,0.0983,38.9,170,0.771,3.84,2.65625,15.9,0.0959,63.3565656565657,148.8,0.768,4.17,3.81294964,15.3,0.0809,35,141,0.752,4.13,3.704600484,18.8,0.101,53.8,202.9,0.735,4.22,4.454976303,7.17,0.03,69.8,271.1,0.743,1.08,6.638888889,11.7466666666667,0.0821666666666667,0.754666666666667,3.38666666666667,4.25384007135614,18.8,0.101,0.771,4.22,6.638888889
"100","physiology",309,25,1,4,7,163.5,163,"P",952.3,21.2,0.101,44.5,191,0.767,3.8,5.578947368,29.6,0.182,36.2,150.7,0.76,6.83,4.333821376,27.6,0.182,61.9,280.9,0.78,7.45,3.704697987,22.2,0.154,70.9,293.5,0.759,7.15,3.104895105,16.7,0.119,81.6,318.4,0.744,4.98,3.353413655,15.6,0.131,77,328,0.765,4.07,3.832923833,22.15,0.144833333333333,0.7625,5.71333333333333,3.98478322066667,29.6,0.182,0.78,7.45,5.578947368
"101","physiology",311,10,2,6,7,229.5,229,"N",3366.8,11.6,0.0635,31.8,122.6,0.74,2.38,4.87394958,9.08,0.0531,46.3,201.9,0.771,2.34,3.88034188,3.04,0.0124,73.7,258.7,0.715,0.578,5.259515571,4.06,0.0297,65.1,247.9,0.737,1.63,2.490797546,8.81,0.0535,62,227.9,0.728,2.39,3.686192469,8.65,0.0382,70.7,290.8,0.757,1.32,6.553030303,7.54,0.0417333333333333,0.741333333333333,1.773,4.45730455816667,11.6,0.0635,0.771,2.39,6.553030303
"102","physiology",315,20,1,3,4,170.1,170,"P",972,18.5,0.102,26.5,108.5,0.755,3.79,4.881266491,15.0237368932039,0.183,53.2,238.8,0.777,7.23,4.633471646,28.4,0.179,72.4,323.7,0.776,7.04,4.034090909,26.1,0.187,92.5,381.8,0.758,8.45,3.088757396,18,0.103,91.7,395.9,0.768,4.21,4.275534442,25.2,0.17,90.4,407.3,0.778,5.13,4.912280702,21.870622815534,0.154,0.768666666666667,5.975,4.30423359766667,28.4,0.187,0.778,8.45,4.912280702
"103","physiology",320,20,3,13,6,296.6,296,"I",1276,25.7,0.135,55.3,242.2,0.772,4.94,5.20242915,16.1,0.118,53.9,254.7,0.788,4.98,3.232931727,17.6,0.0922,89.1,253.828571428571,0.786,4.11,4.282238443,21.4,0.127,67.2,275.8,0.756,5.93,3.608768971,17.8,0.0937,104.2,431.8,0.759,3.8,4.684210526,10.6,0.0597,90,425.3,0.788,2.14,4.953271028,18.2,0.104266666666667,0.774833333333333,4.31666666666667,4.3273083075,25.7,0.135,0.788,5.93,5.20242915
"104","physiology",323,25,3,14,2,295.4,295,"I",1165.8,22.1,0.124,41.8,181.1,0.769,4.54,4.86784141,27.5,0.159,55.8,254.7,0.781,6.43,4.276827372,24.7,0.136,92.8,253.828571428571,0.781,5.46,4.523809524,13.7,0.0863,74.4,277.8,0.732,4.27,3.208430913,7.26,0.0386,95.7,374.4,0.744,1.69,4.295857988,5.36,0.03,92.7,423,0.781,1.13,4.743362832,16.77,0.09565,0.764666666666667,3.92,4.3193550065,27.5,0.159,0.781,6.43,4.86784141
"105","physiology",324,15,2,7,7,229.4,229,"N",1037.1,22.3,0.121,43.9,172.8,0.746,4.5,4.955555556,7.29,0.0495,55,226.7,0.757,2.31,3.155844156,13.2,0.086,66.8,277.8,0.759,3.76,3.510638298,28,0.16,64.6,266.6,0.758,7.49,3.738317757,23.2,0.12,82.9,322.4,0.743,4.55,5.098901099,10.1,0.0432,87.7,357.5,0.755,1.49,6.77852349,17.3483333333333,0.0966166666666667,0.753,4.01666666666667,4.53963005933333,28,0.16,0.759,7.49,6.77852349
